{"cameraMode":{"drawMode":0,"name":"Shaded","section":"Shading Mode"},"sceneLighting":true,"audioPlay":false,"sceneViewState":{"m_AlwaysRefresh":false,"showFog":true,"showSkybox":true,"showFlares":true,"showImageEffects":true,"showParticleSystems":true,"showVisualEffectGraphs":true,"m_FxEnabled":true},"in2DMode":false,"pivot":{"x":104.19766235351563,"y":20.029464721679689,"z":120.16509246826172},"rotation":{"x":0.0751737505197525,"y":-0.7179390788078308,"z":0.07849176228046417,"w":0.6875721216201782},"size":10.057304382324219,"orthographic":false}